[
  {
    "id": "p1",
    "name_en": "Wireless Headphones",
    "name_ar": "سماعات لاسلكية",
    "price": 299,
    "color": "#22c55e"
  },
  {
    "id": "p2",
    "name_en": "Smart Watch",
    "name_ar": "ساعة ذكية",
    "price": 499,
    "color": "#f59e0b"
  },
  {
    "id": "p3",
    "name_en": "Gaming Mouse",
    "name_ar": "فأرة ألعاب",
    "price": 199,
    "color": "#ef4444"
  },
  {
    "id": "p4",
    "name_en": "4K Action Cam",
    "name_ar": "كاميرا 4K",
    "price": 899,
    "color": "#06b6d4"
  }
]